{
    "$schema": "https://schema.management.azure.com/schemas/2019-04-01/deploymentTemplate.json#",
    "contentVersion": "1.0.0.0",
    "parameters": {
        "applications_merakiapp_name": {
            "defaultValue": "merakiapp",
            "type": "String"
        }
    },
    "variables": {},
    "resources": [
        {
            "type": "Microsoft.Solutions/applications",
            "apiVersion": "2021-07-01",
            "name": "[parameters('applications_merakiapp_name')]",
            "location": "uksouth",
            "kind": "MarketPlace",
            "plan": {
                "name": "cisco-meraki-vmx",
                "product": "cisco-meraki-vmx",
                "publisher": "cisco",
                "version": "15.37.4"
            },
            "properties": {
                "managedResourceGroupId": "/subscriptions/f36a014e-7586-4ac8-8124-5a24da75fcbd/resourceGroups/mrg-cisco-meraki-vmx-20240604115437",
                "parameters": {
                    "location": {
                        "type": "String",
                        "value": "uksouth"
                    },
                    "vmName": {
                        "type": "String",
                        "value": "meraki"
                    },
                    "merakiAuthToken": {
                        "type": "String",
                        "value": "tobegenerated123"
                    },
                    "zone": {
                        "type": "String",
                        "value": "1"
                    },
                    "virtualNetworkName": {
                        "type": "String",
                        "value": "meraki"
                    },
                    "virtualNetworkNewOrExisting": {
                        "type": "String",
                        "value": "existing"
                    },
                    "virtualNetworkAddressPrefix": {
                        "type": "String",
                        "value": "192.168.0.0/16"
                    },
                    "virtualNetworkResourceGroup": {
                        "type": "String",
                        "value": "meraki"
                    },
                    "virtualMachineSize": {
                        "type": "String",
                        "value": "Standard_F4s_v2"
                    },
                    "subnetName": {
                        "type": "String",
                        "value": "default"
                    },
                    "subnetAddressPrefix": {
                        "type": "String",
                        "value": "192.168.0.0/24"
                    }
                }
            }
        }
    ]
}