{
    "$schema": "https://schema.management.azure.com/schemas/2015-01-01/deploymentParameters.json#",
    "contentVersion": "1.0.0.0",
    "parameters": {
        "virtualMachines_merakivm_name": {
            "value": null
        },
        "networkInterfaces_merakivmNic_name": {
            "value": null
        },
        "publicIPAddresses_2sziifgsmb3pqIP_name": {
            "value": null
        },
        "galleries_vmxsharedimggallery_externalid": {
            "value": null
        },
        "virtualNetworks_meraki_externalid": {
            "value": null
        }
    }
}