{
    "$schema": "https://schema.management.azure.com/schemas/2019-04-01/deploymentTemplate.json#",
    "contentVersion": "1.0.0.0",
    "parameters": {
        "virtualMachines_merakivm_name": {
            "defaultValue": "merakivm",
            "type": "String"
        },
        "networkInterfaces_merakivmNic_name": {
            "defaultValue": "merakivmNic",
            "type": "String"
        },
        "publicIPAddresses_2sziifgsmb3pqIP_name": {
            "defaultValue": "2sziifgsmb3pqIP",
            "type": "String"
        },
        "galleries_vmxsharedimggallery_externalid": {
            "defaultValue": "/subscriptions/65563df8-7f30-475a-b547-ce47993e2555/resourceGroups/vmxstorage/providers/Microsoft.Compute/galleries/vmxsharedimggallery",
            "type": "String"
        },
        "virtualNetworks_meraki_externalid": {
            "defaultValue": "/subscriptions/4e418f8a-13d6-42b7-b5f1-e61f60165d18/resourceGroups/meraki/providers/Microsoft.Network/virtualNetworks/meraki",
            "type": "String"
        }
    },
    "variables": {},
    "resources": [
        {
            "type": "Microsoft.Network/publicIPAddresses",
            "apiVersion": "2023-11-01",
            "name": "[parameters('publicIPAddresses_2sziifgsmb3pqIP_name')]",
            "location": "uksouth",
            "sku": {
                "name": "Standard",
                "tier": "Regional"
            },
            "zones": [
                "1",
                "2",
                "3"
            ],
            "properties": {
                "ipAddress": "85.210.88.178",
                "publicIPAddressVersion": "IPv4",
                "publicIPAllocationMethod": "Static",
                "idleTimeoutInMinutes": 4,
                "ipTags": []
            }
        },
        {
            "type": "Microsoft.Compute/virtualMachines",
            "apiVersion": "2024-03-01",
            "name": "[parameters('virtualMachines_merakivm_name')]",
            "location": "uksouth",
            "dependsOn": [
                "[resourceId('Microsoft.Network/networkInterfaces', parameters('networkInterfaces_merakivmNic_name'))]"
            ],
            "zones": [
                "1"
            ],
            "properties": {
                "hardwareProfile": {
                    "vmSize": "Standard_F4s_v2"
                },
                "storageProfile": {
                    "imageReference": {
                        "id": "[concat(parameters('galleries_vmxsharedimggallery_externalid'), '/images/vmx15370/versions/15.37.0')]"
                    },
                    "osDisk": {
                        "osType": "Linux",
                        "name": "[concat(parameters('virtualMachines_merakivm_name'), '_OsDisk_1_dd0ccf87098049cf8c249a750a0b3a59')]",
                        "createOption": "FromImage",
                        "caching": "ReadWrite",
                        "managedDisk": {
                            "storageAccountType": "Premium_LRS",
                            "id": "[resourceId('Microsoft.Compute/disks', concat(parameters('virtualMachines_merakivm_name'), '_OsDisk_1_dd0ccf87098049cf8c249a750a0b3a59'))]"
                        },
                        "deleteOption": "Detach",
                        "diskSizeGB": 2
                    },
                    "dataDisks": []
                },
                "osProfile": {
                    "computerName": "[parameters('virtualMachines_merakivm_name')]",
                    "adminUsername": "manage_with_meraki_dashboard",
                    "linuxConfiguration": {
                        "disablePasswordAuthentication": false,
                        "provisionVMAgent": true,
                        "patchSettings": {
                            "patchMode": "ImageDefault",
                            "assessmentMode": "ImageDefault"
                        }
                    },
                    "secrets": [],
                    "allowExtensionOperations": true,
                    "requireGuestProvisionSignal": true
                },
                "networkProfile": {
                    "networkInterfaces": [
                        {
                            "id": "[resourceId('Microsoft.Network/networkInterfaces', parameters('networkInterfaces_merakivmNic_name'))]"
                        }
                    ]
                }
            }
        },
        {
            "type": "Microsoft.Network/networkInterfaces",
            "apiVersion": "2023-11-01",
            "name": "[parameters('networkInterfaces_merakivmNic_name')]",
            "location": "uksouth",
            "dependsOn": [
                "[resourceId('Microsoft.Network/publicIPAddresses', parameters('publicIPAddresses_2sziifgsmb3pqIP_name'))]"
            ],
            "kind": "Regular",
            "properties": {
                "ipConfigurations": [
                    {
                        "name": "ipconfig1",
                        "id": "[concat(resourceId('Microsoft.Network/networkInterfaces', parameters('networkInterfaces_merakivmNic_name')), '/ipConfigurations/ipconfig1')]",
                        "type": "Microsoft.Network/networkInterfaces/ipConfigurations",
                        "properties": {
                            "privateIPAddress": "192.168.0.4",
                            "privateIPAllocationMethod": "Dynamic",
                            "publicIPAddress": {
                                "id": "[resourceId('Microsoft.Network/publicIPAddresses', parameters('publicIPAddresses_2sziifgsmb3pqIP_name'))]"
                            },
                            "subnet": {
                                "id": "[concat(parameters('virtualNetworks_meraki_externalid'), '/subnets/meraki')]"
                            },
                            "primary": true,
                            "privateIPAddressVersion": "IPv4"
                        }
                    }
                ],
                "dnsSettings": {
                    "dnsServers": []
                },
                "enableAcceleratedNetworking": false,
                "enableIPForwarding": true,
                "disableTcpStateTracking": false,
                "nicType": "Standard",
                "auxiliaryMode": "None",
                "auxiliarySku": "None"
            }
        }
    ]
}