[
  {
    "id": "/subscriptions/4e418f8a-13d6-42b7-b5f1-e61f60165d18/resourceGroups/meraki/providers/Microsoft.Resources/deployments/cisco.cisco-meraki-vmx-20240604103422/operations/3438F1BFBE035566",
    "operationId": "3438F1BFBE035566",
    "properties": {
      "provisioningOperation": "Create",
      "provisioningState": "Running",
      "timestamp": "2024-06-04T09:37:14.8207068Z",
      "duration": "PT1M7.7090852S",
      "trackingId": "b04403d6-4d41-4e03-b5a4-84d65c80038c",
      "statusCode": "Created",
      "targetResource": {
        "id": "/subscriptions/4e418f8a-13d6-42b7-b5f1-e61f60165d18/resourceGroups/meraki/providers/Microsoft.Solutions/applications/meraki",
        "resourceType": "Microsoft.Solutions/applications",
        "resourceName": "meraki"
      }
    }
  }
]