{
  "id": "/subscriptions/4e418f8a-13d6-42b7-b5f1-e61f60165d18/resourceGroups/meraki/providers/Microsoft.Resources/deployments/cisco.cisco-meraki-vmx-20240604103422",
  "name": "cisco.cisco-meraki-vmx-20240604103422",
  "type": "Microsoft.Resources/deployments",
  "properties": {
    "templateLink": {
      "uri": "https://catalogartifact.azureedge.net/publicartifacts/cisco.cisco-meraki-vmx-6b013f22-fa6b-4238-b743-932d33a07400-cisco-meraki-vmx/Artifacts/DefaultTemplate",
      "contentVersion": "1.0.0.0"
    },
    "templateHash": "8801160137357646281",
    "parameters": {
      "location": {
        "type": "String",
        "value": "uksouth"
      },
      "vmName": {
        "type": "String",
        "value": "merakivm"
      },
      "merakiAuthToken": {
        "type": "String",
        "value": "tobegenerated"
      },
      "zone": {
        "type": "String",
        "value": "1"
      },
      "virtualNetworkName": {
        "type": "String",
        "value": "meraki"
      },
      "virtualNetworkNewOrExisting": {
        "type": "String",
        "value": "existing"
      },
      "virtualNetworkAddressPrefix": {
        "type": "String",
        "value": "192.168.0.0/16"
      },
      "virtualNetworkResourceGroup": {
        "type": "String",
        "value": "meraki"
      },
      "virtualMachineSize": {
        "type": "String",
        "value": "Standard_F4s_v2"
      },
      "subnetName": {
        "type": "String",
        "value": "meraki"
      },
      "subnetAddressPrefix": {
        "type": "String",
        "value": "192.168.0.0/24"
      },
      "applicationResourceName": {
        "type": "String",
        "value": "meraki"
      },
      "managedResourceGroupId": {
        "type": "String",
        "value": "/subscriptions/4e418f8a-13d6-42b7-b5f1-e61f60165d18/resourceGroups/mrg-cisco-meraki-vmx-20240604103422"
      },
      "managedIdentity": {
        "type": "Object",
        "value": {}
      }
    },
    "mode": "Incremental",
    "debugSetting": {
      "detailLevel": "None"
    },
    "provisioningState": "Running",
    "timestamp": "2024-06-04T09:37:14.7024631Z",
    "duration": "PT1M8.4142141S",
    "correlationId": "0f11aef0-6374-47b5-b181-17eb63038e58",
    "providers": [
      {
        "namespace": "Microsoft.Solutions",
        "resourceTypes": [
          {
            "resourceType": "applications",
            "locations": [
              "uksouth"
            ]
          }
        ]
      }
    ],
    "dependencies": [],
    "validationLevel": "Template"
  },
  "tags": {
    "marketplaceItemId": "cisco.cisco-meraki-vmxcisco-meraki-vmx"
  }
}